clade,n_genomes,median_total_snvs,median_apobec3_snvs,median_apobec3_fraction,pooled_apobec3_fraction
Ia,694,49.0,4.0,0.0754716981132075,0.07854754502258463
Ib,198,103.0,10.0,0.10045871559633025,0.10719836798134835
ALL,892,50.0,4.0,0.0793650793650793,0.089334698803994
